riccardo,male
khalid,male
andre,male
amram,male
fredric,male
francesco,male
woody,male
ozzy,male
pedro,male
buddy,male
marcos,male
edward,male
hermann,male
lord,male
jack,male
jacob,male
herbert,male
sachin,male
bo,male
sureyya,male
chea,male
chen,male
akbar,male
cesar,male
rustu,male
ruben,male
asif,male
terunobu,male
jerome,male
jayson,male
philippe,male
nanni,male
zach,male
herb,male
graciano,male
drew,male
bulent,male
geraldo,male
gerry,male
luther,male
guus,male
mitchell,male
jean-patrick,male
ricardo,male
joshua,male
kieran,male
koji,male
hamad,male
narayan,male
lennart,male
harland,male
spike,male
tj,male
mikulas,male
mekhi,male
oscar,male
mladen,male
recep,male
thabo,male
giovanny,male
ward,male
mc,male
henri,male
mo,male
henry,male
ernest,male
yoshiyuki,male
wang,male
micky,male
charlton,male
ilie,male
valdas,male
stanislas,male
ronnie,male
jalen,male
taoufik,male
stefano,male
festus,male
davis,male
danny,male
rudolf,male
latrell,male
wycliffe,male
pascal,male
sohail,male
oswald,male
matthias,male
eugene,male
anil,male
ernesto,male
gregorio,male
alex,male
chuck,male
alexis,male
bono,male
luca,male
rafiq,male
parthiv,male
vidar,male
carlos,male
alec,male
allan,male
rohman,male
milan,male
doug,male
goh,male
theodore,male
daniel,male
shaukat,male
ramon,male
fred,male
hashim,male
takenori,male
binyamin,male
vijay,male
slobodan,male
juergen,male
nigel,male
saied,male
grady,male
brock,male
timothy,male
tung,male
garry,male
tom,male
john,male
evander,male
albert,male
ahmed,male
saeed,male
ahmet,male
takeshi,male
raf,male
ray,male
melvin,male
hisashi,male
rudolph,male
brandon,male
mariano,male
derek,male
emyr,male
bruce,male
uthai,male
abdullatif,male
mario,male
don,male
aung,male
doc,male
lyle,male
yang,male
hanns,male
yann,male
massoud,male
lewis,male
claude,male
aldo,male
stephane,male
rick,male
rich,male
gideon,male
milton,male
fabrice,male
christopher,male
du,male
itzhak,male
earl,male
qazi,male
baz,male
bashar,male
hilmi,male
bak,male
julien,male
dimitar,male
habib,male
mahmoud,male
christian,male
tommy,male
pete,male
mitch,male
irv,male
prince,male
ringo,male
mukhtar,male
buford,male
vernon,male
newt,male
mukesh,male
edgar,male
hwang,male
lokendra,male
tono,male
tony,male
rainer,male
angel,male
shigeru,male
khaled,male
alistair,male
joerg,male
noel,male
tonino,male
tino,male
sofyan,male
saman,male
emmit,male
qusai,male
dave,male
lionel,male
mohammad,male
micheal,male
gerhard,male
tomas,male
uday,male
gianni,male
piotr,male
hong,male
jerry,male
roland,male
elliott,male
jean-pierre,male
yusuf,male
omar,male
hank,male
saddam,male
kit,male
raza,male
hans,male
nicklas,male
lucas,male
charlie,male
kyle,male
reese,male
spencer,male
julio,male
newton,male
elmar,male
anders,male
nicolas,male
jose,male
eli,male
hal,male
ham,male
han,male
josh,male
manfred,male
hipolito,male
gregg,male
oj,male
aram,male
beecher,male
bobby,male
orlando,male
hung,male
sebastian,male
lemuel,male
dean,male
dimitri,male
maxim,male
donny,male
donald,male
jeffery,male
rio,male
anatoliy,male
ciro,male
stefan,male
eduard,male
hikmat,male
michalis,male
emilio,male
adel,male
jacques,male
hosni,male
prakash,male
jens,male
sergio,male
abel,male
kjell,male
anderson,male
joseph,male
gil,male
maryn,male
clive,male
svetislav,male
zeng,male
eloy,male
darko,male
esteban,male
landon,male
naji,male
tim,male
jong,male
rolf,male
humberto,male
zoran,male
chok,male
mahdi,male
leszek,male
feliciano,male
rogelio,male
roh,male
milt,male
ron,male
skip,male
rob,male
rod,male
roy,male
gael,male
tariq,male
dewayne,male
toshi,male
raja,male
ronald,male
daryl,male
tubby,male
ibrahim,male
din,male
vladimir,male
gus,male
enos,male
yale,male
guy,male
albaro,male
colin,male
trent,male
kaspar,male
lennox,male
elton,male
oleg,male
stefaan,male
terrence,male
buck,male
solomon,male
dusty,male
ishaq,male
franklin,male
bob,male
hamza,male
rafael,male
aidan,male
stepan,male
angelo,male
franck,male
franco,male
bernard,male
ariel,male
abbas,male
andy,male
alastair,male
inocencio,male
masaru,male
yves,male
saadi,male
julius,male
judd,male
taufik,male
terrell,male
boris,male
gaston,male
kenneth,male
chip,male
winston,male
carroll,male
galen,male
dennis,male
sidney,male
mike,male
edouard,male
oswaldo,male
nicanor,male
junichi,male
evgeni,male
max,male
stuart,male
helmut,male
jean-claude,male
rollie,male
johnson,male
gerard,male
hassan,male
michel,male
serge,male
tavis,male
kong,male
cole,male
wallace,male
jim,male
sven,male
sok,male
viktor,male
chakib,male
tuncay,male
prospero,male
james,male
gerrit,male
fabian,male
el,male
ed,male
dwayne,male
celso,male
isidro,male
miles,male
kent,male
roger,male
anwar,male
pieter,male
romano,male
iban,male
carl,male
costas,male
keith,male
arnaud,male
gordon,male
lachlan,male
yasar,male
dereck,male
georgi,male
george,male
ian,male
jean-rene,male
carson,male
alfred,male
walid,male
hamzah,male
shawn,male
hun,male
demetrius,male
alan,male
thad,male
silvan,male
khader,male
nathan,male
hans-christian,male
nizar,male
rene,male
craig,male
allen,male
turner,male
kevin,male
gustavo,male
taku,male
phillipe,male
mesut,male
phillips,male
tsutomu,male
jefferson,male
harald,male
paulie,male
santiago,male
armando,male
norman,male
woodrow,male
lenny,male
phil,male
ismael,male
dule,male
vassilis,male
abraham,male
german,male
adolfo,male
kwon,male
percy,male
troy,male
shingo,male
helio,male
dick,male
koichiro,male
rowan,male
geovani,male
samuel,male
masao,male
zhu,male
krishna,male
ahmad,male
stanley,male
shimon,male
kurt,male
dexter,male
lonnie,male
giulio,male
harvey,male
gian,male
jt,male
alexander,male
jp,male
elijah,male
jj,male
jk,male
cedric,male
jc,male
javier,male
dario,male
darin,male
s,male
wilton,male
radovan,male
jean-luc,male
seydou,male
werner,male
hiroki,male
didier,male
leander,male
howard,male
abdul,male
mark,male
susilo,male
andres,male
elvis,male
andrew,male
hideki,male
andrei,male
goran,male
vytas,male
joschka,male
klaus,male
valeri,male
arnold,male
eurico,male
antony,male
theo,male
elgin,male
henk,male
blas,male
ivo,male
curtis,male
zhang,male
syed,male
sami,male
branko,male
edwin,male
otto,male
bijan,male
damon,male
pak,male
ludwig,male
sterling,male
toshimitsu,male
jeffrey,male
leonid,male
nobuyuki,male
kelvin,male
lutz,male
bryce,male
takahiro,male
markus,male
zhong,male
alfredo,male
noah,male
ghassan,male
toby,male
gavin,male
rubens,male
harrison,male
ferenc,male
sheldon,male
nick,male
mathias,male
erskine,male
ross,male
jake,male
bernardo,male
marcus,male
amr,male
patrice,male
patrick,male
t,male
clay,male
giuseppe,male
agnelo,male
zdravko,male
qais,male
ashraf,male
eddie,male
guillermo,male
joao,male
elisabeth,female
elva,female
gabriella,female
gabrielle,female
paris,female
lori,female
tomoko,female
avril,female
penny,female
harriet,female
eileen,female
hanan,female
mireille,female
mirela,female
faye,female
petro,female
olivera,female
meg,female
eunice,female
dora,female
deepa,female
cindy,female
marianne,female
dorthy,female
julia,female
lynne,female
marina,female
tonya,female
janine,female
melana,female
sarah,female
nora,female
fatma,female
mary-kate,female
audrey,female
petria,female
gordana,female
ms,female
ta,female
carmen,female
gloria,female
zorica,female
chanda,female
lidija,female
carrie-anne,female
hitomi,female
sonja,female
barbra,female
elizabeth,female
zakia,female
janis,female
allison,female
lindsay,female
helena,female
helene,female
edith,female
sonya,female
enrica,female
yoo,female
fabiola,female
paulina,female
astou,female
ingrid,female
diana,female
diane,female
dawn,female
julianna,female
julianne,female
aparna,female
judith,female
pauline,female
jennie,female
venus,female
renee,female
maribel,female
rand,female
rani,female
marisol,female
magda,female
helen,female
gretchen,female
enola,female
rosario,female
stacey,female
biljana,female
kaye,female
corinna,female
susie,female
victoria,female
marie,female
maria,female
constance,female
dot,female
agnes,female
queen,female
teresa,female
bonnie,female
katerina,female
liza,female
shirley,female
louisa,female
carin,female
monica,female
arantxa,female
roseanne,female
cecilia,female
benazir,female
nur,female
erika,female
tomomi,female
melissa,female
mel,female
ira,female
huang,female
miyako,female
rafidah,female
alanna,female
elinor,female
pinar,female
gwen,female
toni,female
bettina,female
karen,female
priscilla,female
noer,female
lucrecia,female
michele,female
laurie,female
kifah,female
tang,female
ain,female
della,female
veronica,female
jackie,female
gianna,female
madonna,female
karin,female
evie,female
hana,female
nia,female
kim,female
darla,female
zoe,female
mia,female
jean,female
cherry,female
jules,female
julie,female
vanessa,female
natasa,female
madge,female
alice,female
meghann,female
rhina,female
myung,female
uma,female
cora,female
sadie,female
azra,female
winona,female
yoko,female
priyanka,female
marie-josee,female
almeida,female
lois,female
wan,female
halle,female
nova,female
jane,female
jana,female
michelle,female
shireen,female
melanie,female
jennifer,female
anjum,female
bernice,female
zara,female
manijeh,female
shia,female
na,female
holly,female
tia,female
phoenix,female
maureen,female
miranda,female
adrianna,female
paige,female
janette,female
laura,female
mile,female
marion,female
colleen,female
marissa,female
lara,female
rosemarie,female
jeri,female
hannah,female
tessa,female
maha,female
minnie,female
olympia,female
trisha,female
keiko,female
eliza,female
cecile,female
iveta,female
alina,female
angelina,female
aline,female
wanda,female
cori,female
doris,female
candice,female
peri,female
angela,female
dalia,female
claudette,female
leisel,female
casey,female
amelia,female
amelie,female
malak,female
judi,female
jude,female
judy,female
natasha,female
ximena,female
manuela,female
alyse,female
mae,female
coretta,female
sj,female
tali,female
irene,female
kajsa,female
tora,female
jia,female
tori,female
norah,female
sabah,female
teri,female
lyudmila,female
irina,female
begum,female
suzanne,female
pamela,female
tatyana,female
cari,female
yuri,female
brooke,female
estella,female
estelle,female
lindsey,female
eglis,female
loretta,female
rachel,female
tamara,female
tippi,female
rina,female
jeannette,female
dawna,female
bobo,female
hillary,female
jodie,female
meirion,female
sophie,female
sophia,female
rena,female
ana,female
chloe,female
ann,female
cassandra,female
kaisser,female
nadine,female
tracy,female
beth,female
gennifer,female
catriona,female
rosalie,female
steffeny,female
jaqueline,female
nicoletta,female
mitzi,female
tyra,female
nadia,female
caroline,female
carolina,female
kiki,female
gen,female
dianne,female
flor,female
bison,female
amanda,female
marlene,female
isabel,female
jeong,female
kirsten,female
mona,female
nila,female
jo,female
reyyan,female
odilia,female
cyndi,female
jeane,female
nicole,female
mara,female
carey,female
mary,female
dolly,female
kareena,female
andrea,female
isabelle,female
sherri,female
cass,female
margie,female
coco,female
iva,female
candace,female
kalpana,female
pat,female
marta,female
fruit,female
barbora,female
hayley,female
bridgette,female
rosa,female
pupi,female
kimberly,female
ekaterina,female
kirby,female
selma,female
amy,female
dita,female
rebecca,female
katrin,female
christina,female
christine,female
lina,female
tina,female
lucy,female
joan,female
regina,female
